ingredient,count
面粉,420
胡萝卜,362
洋葱,316
土豆,198
青椒,178
葱花,177
香菜,173
黄瓜,157
五花肉,156
猪肉,148
生粉,148
酵母,134
泡打粉,129
低筋面粉,126
蜂蜜,126
蒜末,123
大葱,123
豆腐,109
芝麻,108
排骨,103
低粉,100
红辣椒,98
蛋黄,92
红椒,90
砂糖,87
牛肉,87
奶粉,86
红枣,85
糖粉,84
木耳,84
枸杞,84
水淀粉,81
西红柿,80
高筋面粉,78
辣椒油,78
香葱,77
虾仁,74
茄子,71
韭菜,68
糯米,68
米饭,67
番茄,67
花生油,66
糯米粉,65
玉米淀粉,65
南瓜,65
黄酒,64
葱段,64
甜面酱,62
芹菜,60
生菜,59
植物油,58
青红椒,58
黑胡椒粉,57
柠檬汁,57
鸡腿,56
蛋清,55
蒜头,55
普通面粉,54
鸡翅,54
火腿,54
苹果,53
高粉,53
鲜奶油,52
红萝卜,51
白萝卜,51
小葱,50
黑芝麻,49
淡奶油,49
培根,49
芝麻油,48
粉丝,44
葱末,44
苦瓜,44
干红辣椒,43
黑木耳,42
酒,42
可可粉,42
猪肉馅,42
酸奶,41
葱姜,41
蛋,41
尖椒,41
瘦肉,40
玉米,40
鲜牛奶,40
葡萄干,39
虾,39
温水,38
花生,38
豌豆,38
十三香,37
菠菜,37
蒜片,37
彩椒,37
干酵母,37
金针菇,37
香醋,37
玉米粒,37
白菜,36
豆角,36
蛋白,36
肉末,36
低筋粉,36
熟芝麻,36
火腿肠,35
陈醋,35
西芹,35
芝麻酱,35
青辣椒,35
西兰花,34
面包糠,34
大米,34
蒜蓉,34
黄豆,34
花生米,33
鸡胸肉,33
蒜苗,33
菠萝,33
银耳,33
柠檬,33
鸡,32
奶油,32
全蛋,32
冬瓜,32
草莓,32
花椒油,32
剁椒,31
蘑菇,31
郫县豆瓣,31
小苏打,31
肉,30
花椒粒,30
咖喱粉,30
沙拉酱,29
辣椒面,29
萝卜,29
鸡蛋液,28
啤酒,28
鱿鱼,28
腊肉,28
莲子,27
肉馅,27
面条,27
无盐黄油,27
葱丝,27
蒜泥,26
皮蛋,25
腊肠,25
肉丝,25
番茄沙司,25
虾皮,25
芋头,25
绿豆,25
香草精,25
猪蹄,25
葱白,25
鸡腿肉,25
青蒜,24
豆芽,24
青豆,24
鹌鹑蛋,24
香肠,24
核桃仁,24
蒜瓣,24
蒸鱼豉油,23
海苔,23
草鱼,23
嫩豆腐,23
香蕉,23
玉米粉,23
鲜虾,23
黑胡椒碎,23
牛腩,22
里脊肉,22
奶油奶酪,22
芦笋,22
米,22
木瓜,22
干尖椒,22
鸡汤,22
姜粉,21
山药,21
鸡蛋清,21
四季豆,21
马蹄,21
椰蓉,21
干红椒,21
青菜,21
纯牛奶,21
猪里脊肉,21
茴香,21
黑巧克力,20
蒜茸,20
丝瓜,20
莴笋,20
郫县豆瓣酱,20
酵母粉,19
西葫芦,19
汤种,19
鸡脯肉,19
鸡肉,19
杏鲍菇,19
年糕,19
芒果,19
青红辣椒,19
红豆,19
大白菜,18
鲫鱼,18
紫薯,18
玉米面,18
奶酪,18
花椒面,18
全蛋液,18
芝士,18
巧克力,18
猪瘦肉,17
黄豆芽,17
猪里脊,17
肉糜,17
鸡翅中,17
大虾,17
青瓜,17
红尖椒,17
绿豆芽,17
蛋液,17
紫甘蓝,17
红薯,17
莲藕,17
活性干酵母,16
腐乳,16
玉米油,16
长茄子,16
饺子皮,16
地瓜粉,16
中筋面粉,16
麻辣鲜,16
老干妈,16
肉松,16
白胡椒,16
面,16
冬笋,16
荷兰豆,16
小茴香,15
蚕豆,15
香草粉,15
炼乳,15
西米,15
茭白,14
包菜,14
高筋粉,14
菜油,14
核桃,14
梨,14
杏仁,14
榨菜,14
酸菜,14
小米椒,14
羊肉,14
开水,14
红豆沙,14
口蘑,14
圆白菜,14
干淀粉,14
带鱼,13
大枣,13
紫菜,13
老姜,13
芸豆,13
雪菜,13
朝天椒,13
猪肉末,13
蒜米,13
姜蒜末,13
香菜末,13
姜汁,13
抹茶粉,13
麦芽糖,13
可乐,13
蒜苔,13
鸡爪,13
猪脚,13
发酵粉,13
三黄鸡,13
白葡萄酒,13
吉利丁片,13
香芹,13
蜜枣,13
耗油,13
乌鸡,13
猪肚,13
橙汁,13
姜蒜,12
米粉,12
腰果,12
炼奶,12
鸭子,12
腐竹,12
香麻油,12
猪肝,12
牛肉馅,12
豆腐皮,12
胡萝卜丝,12
笋,12
色拉酱,12
湿淀粉,12
红彩椒,12
卷心菜,12
油菜,12
咸蛋黄,11
豆沙馅,11
干贝,11
火龙果,11
调料包,11
百合,11
西瓜皮,11
迷迭香,11
三文鱼,11
豆渣,11
圣女果,11
青豌豆,11
绍酒,11
一品鲜酱油,11
香精,11
干香菇,11
毛豆,11
肉桂粉,11
藕,11
豆瓣,11
甜椒,11
香葱末,11
味极鲜,11
杭椒,11
水发木耳,11
海带,11
黄豆酱,10
韩式辣酱,10
橙子,10
马苏里拉奶酪,10
娃娃菜,10
塔塔粉,10
白兰地,10
粘米粉,10
豆干,10
花生碎,10
芽菜,10
葱姜末,10
党参,10
热水,10
小龙虾,10
茶树菇,10
冰水,10
鲈鱼,10
带皮五花肉,10
鲤鱼,10
扇贝,10
麻椒,10
豆皮,10
鱼胶粉,10
椰奶,10
北豆腐,10
萝卜干,10
冰块,9
泡菜,9
豇豆,9
馒头,9
琼脂,9
地瓜,9
澄粉,9
鱼头,9
油条,9
马苏里拉芝士,9
海鲜酱,9
姜蒜片,9
紫苏,9
枸杞子,9
雪梨,9
鸡翅根,9
肋排,9
豆腐干,9
奶酪粉,9
小米,9
当归,9
猪五花肉,9
泡辣椒,9
意大利面,9
薏米,9
朗姆酒,9
咸蛋,9
椰浆,9
葱头,9
富强粉,9
豆沙,9
甜玉米,9
樱桃,9
生菜叶,9
吉士粉,9
肥肠,9
苏打粉,9
绵白糖,9
熟白芝麻,9
冬菇,9
蓝莓酱,9
老豆腐,9
动物性淡奶油,9
鳕鱼,9
大酱,9
小番茄,8
板栗,8
冷水,8
土鸡蛋,8
烹调油,8
甘草,8
黄瓜丝,8
调和油,8
黄花菜,8
肉片,8
罗勒叶,8
大闸蟹,8
绿茶粉,8
里脊,8
对虾,8
红椒丝,8
花菜,8
鲅鱼,8
面包粉,8
蕃茄,8
全麦粉,8
香干,8
胡萝卜丁,8
芥末,8
红甜椒,8
淮山,8
粽叶,8
鸭蛋,8
韩国辣酱,8
椰丝,8
洋葱末,8
牛里脊,8
鸭腿,8
蜜豆,8
鱼丸,8
咸肉,8
瘦猪肉,8
蔓越莓干,8
平菇,8
凤爪,8
豆豉酱,8
青尖椒,8
椰子粉,8
红烧酱油,8
蕃茄酱,7
鸡蛋黄,7
白果,7
干葱头,7
姜葱,7
山奈,7
甘露丝,7
杨梅,7
西瓜,7
水发香菇,7
粉条,7
杏仁粉,7
核桃碎,7
桂圆肉,7
金枪鱼罐头,7
荸荠,7
野山椒,7
干贝素,7
菜心,7
姜块,7
果酱,7
吐司,7
紫薯泥,7
嫩肉粉,7
椰汁,7
小土豆,7
干辣椒丝,7
节瓜,7
桂花酱,7
巧克力豆,7
鲜酱油,7
高度白酒,7
小西红柿,7
马铃薯,7
牛油,7
桂圆,7
马苏奶酪,7
鲜奶,7
杏仁片,7
小油菜,7
菜花,7
鸭血,7
百里香,7
苏打,7
面筋,7
姜蓉,7
瑶柱,7
肉丁,7
猪肉糜,7
泡发香菇,7
白菜叶,7
自发粉,7
鱼,7
山楂,7
黑豆,6
秋刀鱼,6
内脂豆腐,6
鱼肉,6
蟹味菇,6
燕麦片,6
意面,6
红葡萄酒,6
广式腊肠,6
芹菜叶,6
芝士粉,6
猪骨,6
味极鲜酱油,6
料包,6
海参,6
孜然粒,6
罗勒,6
乌冬面,6
高汤精,6
鲜淮山,6
豆泡,6
葱姜丝,6
韩式辣椒酱,6
鸭,6
香草,6
柱侯酱,6
黑胡椒粒,6
肥肉,6
韩国辣椒酱,6
黑橄榄,6
奶酪丝,6
肉泥,6
剁辣椒,6
薄荷叶,6
洋葱丝,6
小辣椒,6
糯米饭,6
细糖,6
肉汤,6
海米,6
六月鲜酱油,6
羊排,6
馄饨皮,6
瓜子仁,6
圆茄子,6
豆鼓,6
花蛤,6
黄鱼,6
泡姜,6
鲜汤,6
葱姜蒜末,6
草菇,6
酸笋,6
黑胡椒酱,6
鲜百合,6
辣椒丝,6
鲜香菇,6
竹笋,6
花生酱,6
土鸡,6
沙茶酱,6
寿司醋,6
牛里脊肉,6
蟹棒,6
剩米饭,6
元葱,6
蟹肉棒,6
盐、,6
鲜虾仁,6
泡发木耳,6
生姜末,6
熟鸡蛋,6
味素,6
冻豆腐,6
鸡中翅,6
面包,6
猪小排,6
梅干菜,6
内酯豆腐,6
干鱿鱼,6
基围虾,6
巧克力酱,6
红葱头,5
茶叶,5
白米,5
甜玉米粒,5
咸鱼,5
牛肉糜,5
空心菜,5
小青菜,5
果珍,5
双孢菇,5
滑子菇,5
大米粉,5
姜茸,5
熟猪油,5
香椿,5
葱粒,5
黑米,5
饼干,5
胡箩卜,5
火腿丁,5
青葱,5
猪肉皮,5
桂花,5
白玉菇,5
威士忌,5
提子,5
杏仁碎,5
鸭胗,5
黄甜椒,5
无花果,5
韭菜花,5
干椒,5
全麦面粉,5
绿彩椒,5
郫县辣酱,5
蛤蜊,5
鲜柠檬汁,5
蓝莓,5
豆瓣辣酱,5
笋片,5
阿胶,5
猕猴桃,5
油豆腐,5
酒酿,5
黄芪,5
辣椒干,5
麦片,5
蒜粒,5
鸡腿菇,5
独头蒜,5
姜泥,5
浓汤宝,5
蒜粉,5
干酵母粉,5
纯净水,5
包心菜,5
中粉,5
牛蒡,5
澄面,5
精瘦肉,5
苦菊,5
沙姜,5
姬菇,5
草菇老抽,5
香菇丁,5
扁豆,5
生姜片,5
海鲜酱油,5
鳊鱼,5
玫瑰花,5
花生仁,5
干豆腐,5
鲜虾肉,5
黄花鱼,5
奶,5
蔓越莓,5
白面,5
圆葱,5
老面,5
蕨菜,5
马苏里拉奶酪丝,5
咖喱,5
提子干,5
南瓜泥,5
三层肉,5
咸鸭蛋,5
安琪酵母,5
鸡胸,5
河粉,5
奶酪片,5
黑椒粉,5
酥油,4
酱,4
甜辣酱,4
柠檬皮,4
小红椒,4
食油,4
荷叶,4
土司,4
鲳鱼,4
辣椒末,4
熟黑芝麻,4
大茴,4
蟹肉,4
老鸭,4
花胶,4
黑白芝麻,4
泡萝卜,4
火腿肉,4
干辣椒粉,4
乌梅,4
白洋葱,4
小萝卜,4
蒜籽,4
干花椒,4
精肉,4
姜米,4
白芷,4
荠菜,4
枣泥馅,4
蜜红豆,4
小麦粉,4
小香葱,4
蒜薹,4
日本酱油,4
福寿鱼,4
凉水,4
半肥猪肉,4
黑胡椒末,4
虫草花,4
柱候酱,4
肉蔻,4
沙律酱,4
细盐,4
食用碱,4
牛肉酱,4
武昌鱼,4
熏干,4
cooK100烤肉料,4
雀巢淡奶油,4
猪绞肉,4
粳米,4
红薯粉条,4
面包屑,4
红青椒,4
蒜碎,4
牛腱子,4
猪血,4
腐乳汁,4
芡粉,4
大蒜瓣,4
牛腿肉,4
豆馅,4
生油,4
麻酱,4
烧烤酱,4
熟蛋黄,4
原味酸奶,4
老干妈辣酱,4
番薯,4
芝麻盐,4
猪手,4
白胡椒面,4
三奈,4
烤肉料,4
绿豆粉,4
花旗参,4
巧克力粉,4
清酒,4
豆豉油,4
小黄瓜,4
面包渣,4
美极鲜味汁,4
虾肉,4
小红萝卜,4
芥蓝,4
熟花生,4
新鲜香菇,4
大蒜籽,4
无盐奶油,4
江米,4
干面粉,4
固体奶油,4
盐水,4
烤麸,4
橘子,4
鸡脚,4
bP粉,4
鲜鱿鱼,4
油盐,4
绢豆腐,4
沙丁鱼,4
蛏子,4
千张,4
伏特加,4
李锦记蒸鱼豉油,4
酸豆角,4
老干妈豆豉,4
鸡肫,4
可口可乐,4
糊椒粉,4
姜粒,4
绍兴黄酒,4
葱油,4
葱姜水,4
冬菜,4
灯笼椒,4
马苏里拉,4
荔枝,4
春笋,4
蔬菜,4
叉烧酱,4
大料粉,4
鱼块,4
白木耳,4
日本豆腐,4
松仁,4
大豆油,4
云吞皮,4
cook100调料,4
大蒜子,4
手擀面,4
松花蛋,4
鲜鱼,4
大蒜头,4
速溶咖啡,3
牛百叶,3
芫荽,3
蒜蓉酱,3
意粉,3
半肥瘦猪肉,3
话梅,3
巧克力碎,3
黑椒碎,3
新鲜马蹄,3
柚子,3
牛肚,3
干辣椒段,3
整鸡,3
裹入黄油,3
鹿尾菜干,3
泰国香米,3
小排骨,3
芒果肉,3
鲜橙汁,3
青蒜苗,3
全脂牛奶,3
水鸭,3
魔芋,3
北极虾,3
香芋,3
面包片,3
蛤肉,3
绣针菇,3
软奶酪,3
燕麦,3
蕃茄沙司,3
煎饼,3
沙仁,3
虾干,3
土豆丝,3
矿泉水,3
腐皮,3
王守义十三香,3
新奥尔良烤翅腌料,3
胡萝卜条,3
干海带,3
干辣椒碎,3
辣椒碎,3
红油豆酱,3
黄桃,3
粉糖,3
花菇,3
切面,3
鱼子酱,3
白豆干,3
鸡心,3
银鱼,3
转化糖浆,3
青椒丝,3
孜然面,3
糖桂花,3
海蛎,3
麻汁,3
鸡汁,3
光鸡,3
肉丸,3
南乳,3
羊后腿肉,3
芥菜,3
地瓜粉条,3
腌柠檬,3
红干椒,3
咖喱酱,3
马鲛鱼,3
肉碎,3
香菜叶,3
油泼辣子,3
童子鸡,3
蓝莓果酱,3
琵琶腿,3
辣白菜,3
方便面,3
大蒜水,3
田鸡,3
土豆粉,3
莴笋叶,3
白奶油,3
酸奶油,3
榛蘑,3
鸡块,3
鸭梨,3
西红柿酱,3
青苹果,3
酥炸粉,3
鱼豆腐,3
洋葱丁,3
糙米,3
卡夫芝士粉,3
黑醋,3
葱姜片,3
酸辣椒,3
蓝莓干,3
什锦果干,3
玉兰片,3
青豆仁,3
汤,3
虾油,3
白沙糖,3
鸡肉泥,3
料理酒,3
栗子粉,3
温牛奶,3
酷客壹佰烤肉料,3
淡奶,3
五花猪肉,3
海盐,3
大骨,3
黑芝麻粉,3
黄瓜条,3
椰子汁,3
猪排骨,3
鲜草莓,3
牛肉片,3
蒜叶,3
鲜红辣椒,3
枧水,3
葡萄,3
咖哩粉,3
粉,3
水发冬菇,3
莴苣,3
杞子,3
咖喱块,3
北芪,3
茶干,3
鸡毛菜,3
火腿片,3
猪皮,3
海天味极鲜酱油,3
荞麦面,3
水豆腐,3
消化饼,3
小青椒,3
洋葱碎,3
海带丝,3
剩油条,3
黑椒,3
青红椒粒,3
沙姜粉,3
明虾,3
五香干,3
黄花,3
凉粉,3
胡萝卜片,3
红干辣椒,3
烤肉酱,3
油菜心,3
小干辣椒,3
豌豆苗,3
豆浆,3
黄瓜丁,3
腊鱼,3
小米辣,3
葡萄酒,3
糖稀,3
大葱末,3
黄奶油,3
黄彩椒,3
花叶生菜,3
秘制辣椒酱,3
配菜,3
醋精,3
黑胡椒汁,3
羊腿肉,3
火腿丝,3
奇异果,3
卤汁,3
橄榄,3
白寇,3
肉沫,3
猪肋排,3
番茄汁,3
泡豆角,3
鸡胗,3
松子,3
鹅,3
红苹果,3
南美虾,3
新鲜薄荷,3
豆粉,3
香瓜,3
燕窝,3
咸菜,3
海虾,3
肉肠,3
咸鱼干,3
上海青,3
大豆,3
龙虾,3
草鸡,3
干豆豉,3
消化饼干,3
玉米碴,3
大茴香,3
小苹果,3
花椒水,3
cook100烤肉料,3
甜豆,3
干虾,3
鲜竹笋,3
中筋粉,3
栗子,3
佐料,3
意大利综合香料,3
粗盐,3
鲩鱼肉,3
生蚝,3
嫩鸡,3
红辣椒粉,3
猪骨头,3
宽粉,3
吉利片,3
小白菜,3
香茹,3
沸水,3
长豆角,3
美人椒,3
白豆腐,3
竹荪,3
汤圆粉,3
红朝天椒,3
猪肉泥,3
豆面,3
马友鱼干,3
小红米椒,3
豆奶粉,3
水果,3
红豆馅,3
棉花糖,3
螃蟹,3
油麦菜,3
香葱段,3
牛奶巧克力,3
山楂片,3
鸡胸脯肉,3
磨菇,3
蛋黄液,3
淡酱油,3
金丝鱼,3
辣豆瓣酱,3
低精粉,3
黑樱桃,3
蠔油,3
玫瑰茄,3
黄糖,3
奶酪酱,3
白开水,3
韭黄,3
青笋,3
蛋黄酱,3
榨菜丝,3
银杏,3
通心粉,3
翅根,3
牛肉丝,3
片糖,3
海天酱油,3
瘦牛肉,3
意大利香草,3
蒜沫,3
干川椒,3
精猪肉,3
干粉丝,3
茶油,3
小鸡,3
咸肉碎,2
枸杞叶,2
莜面,2
海虹,2
红米椒,2
熟面粉,2
青花椒,2
鲜蘑菇,2
干海带丝,2
香米,2
猪精肉,2
酸梅酱,2
草莓罐头,2
牛骨,2
草蔻,2
黄桃罐头,2
良姜,2
鸡蛋丝,2
小茴,2
鸭脖,2
秀珍菇,2
南瓜子仁,2
青红丝,2
韩国泡菜,2
淀粉水,2
高乐高,2
尖红椒,2
动物性鲜奶油,2
沙丁鱼罐头,2
青柿子椒,2
cooK100金牌BBQ烤肉料,2
牛柳,2
熟油,2
蒜丁,2
打泡粉,2
樱桃酱,2
香草香精,2
独蒜,2
浓缩柠檬汁,2
墨鱼丸,2
肥牛片,2
鸡架,2
青椒粒,2
干茶树菇,2
新鲜鲫鱼,2
秋葵,2
鸭肠,2
番薯粉,2
香炸粉,2
山楂罐头,2
蔬菜油,2
鱿鱼须,2
大米饭,2
热开水,2
辣椒粒,2
白熟芝麻,2
蜜糖,2
李锦记蒜蓉辣酱,2
生姜丝,2
熟咸蛋黄,2
黑枣,2
香菇蚝油,2
李锦记蒜蓉辣椒酱,2
九层塔,2
大鸡蛋,2
熟花生米,2
酱油、,2
豆苗,2
鲶鱼,2
葱片,2
香菜碎,2
骨头汤,2
马蹄粉,2
咸蹄髈肉,2
荷兰豆丝,2
骨肉相连,2
浓缩鸡汤,2
肥牛,2
肉酱,2
红腰豆,2
心里美萝卜,2
猪肉丁,2
赤小豆,2
油炸辣椒,2
绍兴花雕酒,2
自制辣椒油,2
鲜鱿,2
四川辣豆瓣酱,2
红薯淀粉,2
香草冰淇淋,2
鸡大腿,2
动物性奶油,2
清油,2
白饭,2
切片面包,2
沙拉,2
变蛋,2
碗豆酱,2
杨桃,2
糖色,2
金针菜,2
香茅,2
思念飞饼皮,2
豆腐乳,2
调料汁,2
黄萝卜,2
温开水,2
黄油桃,2
小蛋黄,2
牛尾,2
黄喉,2
戚风蛋糕,2
干莲子,2
酵母菌,2
鲜柠檬,2
脆皮肠,2
菊花,2
草莓乳酸菌饮品,2
干枣,2
上汤,2
大葱头,2
蝴蝶面,2
快速干酵母,2
回锅肉,2
熟牛肉,2
自制油炸辣椒,2
千层饼皮,2
猪通脊肉,2
猪肺,2
混合香料,2
猴头菇,2
肥瘦猪肉,2
豆蔻,2
动物奶油,2
碎肉,2
鲜贝露调味汁,2
腱子肉,2
大杏仁,2
洋参,2
干蘑菇,2
新鲜莲藕,2
小南瓜,2
法国香菜,2
起司酱,2
扇骨,2
柠檬片,2
贝壳面,2
台式香肠,2
红柿子椒,2
青椒片,2
大骨汤,2
红茶茶叶袋,2
海鲜,2
红心红薯,2
雪豆,2
白蘑菇,2
花蟹,2
蒜汁,2
长茄,2
大头鱼,2
猪耳朵,2
新鲜鸡蛋,2
老卤,2
幼沙糖,2
凉开水,2
意大利干酪,2
千岛酱,2
脊骨,2
味淋,2
四物,2
美奶滋,2
光鸭,2
新鲜罗勒,2
青柠,2
鼠曲草,2
干红辣椒丝,2
香料酒,2
蹄膀,2
卷蛋糕,2
小墨鱼,2
黑糯米,2
猪血豆腐,2
汤圆面,2
果汁,2
花生粉,2
小凤尾鱼,2
草莓酱,2
郫县红油豆瓣,2
酱汁,2
mozzarella奶酪,2
盐、鸡精,2
隔夜米饭,2
鲍鱼,2
辣油,2
苹果泥,2
去皮熟花生米,2
海底椰,2
葱结,2
鸭脚,2
碱,2
猪肾,2
白酱油,2
粟粉,2
蘑菇精,2
红辣椒段,2
芝麻香油,2
猪肘子,2
杏,2
鸭油,2
费塔奶酪,2
鱼片,2
三花淡奶,2
猪肉丝,2
丸子,2
砂仁,2
红椒片,2
新鲜柠檬,2
五香豆干,2
熟鸡肉,2
冷饭,2
酸辣酱,2
冰鲜马友鱼干,2
蒜子,2
可可,2
皮皮虾,2
公鸡,2
荷美尔培根,2
熏肉,2
大鸡腿,2
猪肉片,2
手指饼干,2
碎冰,2
姜黄,2
味粉,2
水萝卜,2
泡红椒,2
紫菜皮,2
朝天辣,2
陴县豆瓣,2
藏红花,2
素油,2
猪棒骨,2
干野山椒,2
醬油,2
鱿鱼丝,2
夹心肉,2
葱蒜,2
白醋或柠檬汁,2
冰淇淋,2
即食燕麦片,2
黑鱼,2
泡发黄豆,2
干鱿,2
熟米饭,2
大土豆,2
甜瓜,2
绿甜椒,2
贡梨,2
裙带菜,2
西蓝花,2
嫩肉淀粉,2
五花肉片,2
罗非鱼,2
鱿鱼圈,2
口菇,2
薏仁米,2
巴蛸,2
青蒜段,2
青红尖椒,2
蛋黃,2
鸡丁,2
芝士片,2
煮鸡蛋,2
干木耳,2
山楂干,2
镇江香醋,2
海天牌生抽,2
干玫瑰花瓣,2
冰鲜鱿鱼,2
蟹肉罐头,2
水芹菜,2
鸡精或味精,2
蜜饯,2
濑尿虾,2
糖蒜,2
瘦肉馅,2
葡萄汁,2
细面,2
胡萝卜粒,2
千张皮,2
活虾,2
鸡脖,2
浓缩鸡汁,2
红黄彩椒,2
幼砂糖,2
白巧克力,2
汤圆,2
醪糟,2
猪梅子肉,2
水或奶,2
烤排骨留的汁,2
紫蕃薯,2
白米醋,2
白兰地酒,2
沙拉菜,2
面肥,2
鸡肉丁,2
彩椒丝,2
面包改良剂,2
红椒粉,2
海苔丝,2
红辣椒丝,2
红苕粉,2
方糖,2
鸭翅,2
甜酒,2
小柿子,2
子姜,2
黄酱,2
红提,2
香菇丝,2
蒜白,2
虾酱,2
干鱿鱼丝,2
康乐醋,2
牛肉丸,2
墨鱼,2
素鸡,2
咖啡甜酒,2
酱牛肉,2
米线,2
味达美酱油,2
苦苣,2
笋干,2
胡萝卜汁,2
海青鱼,2
油葱酥,2
鱿鱼头,2
人参,2
菜椒,2
南韩烧烤酱,2
蛋皮丝,2
大白菜叶,2
山楂糕,2
云耳,2
番茄丁,2
青菜椒,2
橙,2
冬茹,2
桂花糖,2
盐焗鸡粉,2
玫瑰腐乳,2
bbQ酱,2
桂枝,2
金钻淡奶油,2
猪腰,2
龟苓膏粉,2
调料,2
肉馅儿,2
饭,2
全鸡翅,2
马口鱼,2
六月鲜,2
十三香调料,2
寿司米,2
立顿红茶,2
肘子,2
黄,2
江西米粉,2
盐糖,2
园椒,2
飞饼,2
鲜芦笋,2
小鸡蛋,2
小豆蔻,2
子排,2
葫萝卜,2
鸡肉片,2
泡野山椒,2
椰菜花,2
红辣椒末,2
青椒丁,2
猪腿肉,2
猪扒,2
蒙牛牛奶,2
干百合,2
木瓜籽仁,2
辣酱油,2
发面,2
山楂粒,2
芒果泥,2
和面,2
干橙皮,2
小菜,2
罗勒碎,2
蒿汤,2
辣子面,2
独子蒜,2
大蒜粒,2
西柚,2
绞肉,2
干银耳,2
鲜贝露,2
油辣椒,2
瘦牛肉馅,2
韩国大酱,2
熟糯米粉,2
甘露块,2
玉米棒,2
椒盐粉,2
果珍粉,2
鱿鱼籽,2
干黄豆,2
红衣花生,2
水果玉米,2
乌骨鸡,2
小芹菜,2
豆腐丝,2
翅中,2
鳗鱼,2
碱面,2
樱桃番茄,2
湿面条,2
匹萨酱,2
华飞杂酱,2
午餐肉,2
咖啡,2
吉利丁粉,2
黄豆渣,2
金像高筋粉,2
烧烤汁,2
黑椒汁,2
鲨鱼块,2
葱 姜 蒜,2
香辣酱,2
空心菜梗,2
干辣椒节,2
猪臀肉,2
薏仁,2
青椒红椒,2
牛油果,2
红娘鱼,2
鸡肉丸,2
蒜蓉辣酱,2
茄子干,2
麦粉,2
猪大肠,2
草鱼肉,2
草莓味高乐高粉,2
起酥用黄油,2
青豇豆,2
干果,2
鸡珍,2
老干妈豆豉辣酱,2
青菜叶,2
红樱桃,2
耙豌豆,2
膨松剂,2
奥尔良腌料,2
葫芦,2
冰冻牛奶,2
红果酱,2
艾叶,2
原味绿竹笋-带壳整支笋,2
豆酱,2
金龙鱼油,2
猪舌,2
鲜贝,2
大蒜粉,2
青椒圈,2
蚬肉,2
米豆腐,2
红油辣椒,2
甘蓝,2
土豆块,2
鳝鱼,2
北虫草,2
红剁椒,2
袖珍菇,2
海鲜菇,2
海鲈鱼,2
黑椒酱,2
姜沫,2
大茄子,2
自制油辣椒,2
味噌,2
牛肉粒,2
箩卜,2
小红辣椒,2
鸡全翅,2
标准粉,2
鲜豌豆,2
美极鲜辣汁,2
白灵菇,2
脆骨,2
芥末酱,2
蛋皮,2
安佳黄油,2
牛肉碎,2
洋葱粒,2
黄瓜片,2
南豆腐,2
京葱,2
糖浆,2
绿色园椒,2
油面筋,2
小苏打粉,2
哈密瓜,2
泥鳅,2
丁香鱼,2
小黄鱼,2
即发干酵母,2
苋菜,2
红茶包,2
调味,2
郫县辣豆瓣酱,2
果冻粉,2
苹果丁,2
马苏,2
海瓜子,2
仔鸡,2
胡椒粒,2
剁椒酱,2
茴香苗,2
猪排,2
苹果粒,2
豆豉辣酱,2
白菜心,2
菠萝粒,2
大虾肉,2
红天椒,2
菜干,2
南乳汁,2
青杭椒,2
全脂淡奶,2
毛豆仁,2
小公鸡,2
青木瓜,2
韩式蒜蓉辣酱,2
味醂,2
麦冬,2
印度酥饼,2
芦蒿,2
老醋,2
野山笋,2
法兰克福香肠,2
挂面,2
生盐,2
雪里蕻,2
红绿彩椒,2
鲜酵母,2
卤牛肉,2
葱叶,2
小章鱼,2
瘦肉丝,2
韩式甜辣酱,2
紫长茄,2
阿胶蜜枣,2
浓缩橙汁,2
猪肠粉,2
蟹足棒,2
肉类咖喱粉,2
柠檬皮屑,2
凉皮,2
欣和豆瓣酱,2
辣咖喱粉,2
豌豆粒,2
卡夫芝士,2
海虹肉,2
十三香粉,2
李锦记风味豆豉,2
辣椒沫,2
新焖米饭,2
虾子,2
海天金标生抽,2
奶油芝士,2
黑椒料,2
柴鸡蛋,2
饺子粉,2
小米面,2
肥瘦肉馅,2
小香芹,2
吉列丁粉,2
面酱,2
红圆葱,1
梅豆,1
太白粉,1
鲜鸡蛋,1
甜菜,1
甜料理酒,1
绿豆牙菜,1
白玉北豆腐,1
蛋皮条,1
牛奶和金砖奶油,1
老干妈酱,1
清醋,1
鲜猪肉,1
鲜鱼肉,1
鲜韭菜,1
豆油,1
六月香辣椒酱,1
京葱末,1
腩肉,1
京葱段,1
橙子磨蓉,1
嫩芦笋,1
甜不辣,1
川味辣子,1
陈麻婆调料,1
藜蒿,1
黑麦面粉,1
红椒丁,1
长辣椒,1
芥末籽酱,1
面包糖,1
牛健肉,1
料红枣酒,1
烤肉,1
去皮猪后腿肉,1
活海参,1
小银鱼,1
天妇罗粉,1
无头去壳留尾竹节虾,1
蕃薯,1
青红圆椒,1
天妇罗汁,1
咖喱调味料,1
橙子皮,1
绿橄榄,1
糖A,1
马斯卡朋尼芝士,1
粉葛,1
老鼠,1
蛋糕体,1
葱水,1
草莓味水晶果膏,1
隔夜饭,1
糖B,1
精炼植物油,1
包头菜,1
带骨带皮鸡块,1
莴笋干,1
胡萝卜泥,1
油豆腐果,1
蕃茄牛肉汤,1
白豆腐干,1
cherryTomato,1
青红灯笼椒,1
君度甜酒,1
玉米珍,1
蒜头1粒,1
蒙牛核桃奶,1
生菜末,1
枫糖,1
手指饼,1
新鲜豆腐,1
熟驴肉,1
碱水粑,1
冬菇切粒,1
小西米,1
玉米剥粒,1
青椒切粒,1
菜圃切粒,1
红菜苔,1
净鲱鱼,1
香葱切段,1
糟卤,1
杏仁糖馅,1
比萨用芝士,1
南美甜虾,1
红小豆,1
年糕片,1
韩国辣白菜,1
昆布,1
野鸡,1
草原绿鸟童子鸡,1
牛腱子肉,1
抄手皮,1
葱寸断,1
瓜花,1
脆炸粉,1
碱水,1
吻仔鱼,1
羊尾笋,1
香辣豆豉酱,1
咸虾酱,1
黄刺鱼,1
牛肉(后腿),1
江米酒,1
白糖粉,1
金丝小枣,1
燕塘纯牛奶,1
水菜,1
去核红枣,1
黑芝麻汤圆馅,1
小松菜,1
萝卜片,1
红粬米,1
大姜,1
山东菜,1
小山椒,1
胡椒粉、,1
羊肉馅,1
黑白巧克力,1
椰桨粉,1
鸡汤浓汤宝,1
百芷,1
红蔻,1
莞茜子,1
和风酱,1
白蔻,1
鲜姑,1
糍粑辣,1
紫芋,1
新鲜紫苏叶,1
调味包,1
碘盐,1
蒜水,1
泡红辣椒,1
红薯凉粉,1
卤水汁,1
蘑芋,1
风车牌生粉,1
豆笋,1
虫子,1
辣椒段,1
意大利粉,1
芥辣,1
鲜精鱼肉,1
espresso溶液,1
好特百梦多咖喱,1
双汇原味火腿,1
栗子馅,1
寿司饭,1
三文鱼背,1
蟹籽,1
莲蓉馅,1
冷藏鸡翅膀,1
鸡肾,1
牛肉沫,1
油辣椒粉,1
舟山带鱼,1
大鸭梨,1
净膛鸡,1
冬粉,1
猪肋骨,1
腊五花肉,1
玛萨拉酒,1
黑头鱼,1
pizzA用香草,1
蛋白(XL),1
蛋白 (XL),1
胡萝上卜,1
柠檬酱,1
肥肉馅,1
烤紫菜,1
瓷茶壶,1
大黄米面,1
辣子角,1
虾条,1
匹萨皮,1
鹅肝酱,1
猪五花,1
金华火腿,1
花椒大料水,1
强力面粉/小麦粉,1
香菜粒,1
西洋菜,1
小带鱼,1
鲜碱面,1
蛋黄(XL),1
cherry Tomato,1
小香菇,1
嘉豪汤皇,1
新鲜草莓,1
荤香,1
汤水,1
豆办酱,1
白藕,1
清水大约,1
软芝士,1
黑桃仁,1
家鸡,1
冷开水,1
红绿尖椒,1
majonas,1
液体蜂蜜,1
大白菜心,1
耐高温巧克力豆,1
沙拉葱,1
担担面调料,1
木薯,1
红洋葱,1
绿色茄子,1
防风草,1
土豆淀粉,1
起酥油,1
葱姜汁,1
鲻鱼,1
黄牛肉,1
樱桃果泥,1
鱼胶片,1
整颗樱桃果粒,1
淘米水,1
黑豆芽,1
香乾,1
人参花,1
盐粉,1
高筋或中筋面粉,1
自制豆瓣酱,1
淀粉(玉米),1
蟹味儿小白蘑,1
香菇（鲜）,1
鱿鱼(鲜),1
大蒜瓣儿,1
农家小干鱼,1
鲜桂圆,1
法国面包专用粉,1
鲜三文鱼,1
伊利全脂牛奶,1
卤猪皮,1
青红椒片,1
有机嫩豆腐,1
水白糖,1
薯泥,1
雪碧,1
芒果茸,1
蒸鱼,1
饭团饭,1
奶酪擦丝,1
哈尔滨红肠,1
小肉肠,1
红葱头片,1
白菜切丁,1
番茄粒,1
罗勒碎末,1
全鸡,1
田螺肉,1
細白砂糖,1
油炸豆腐,1
红糟,1
德芙黑巧克力,1
芥兰菜杆,1
马面鱼,1
瑞士美极鲜调味油,1
意大利巴勿臣干酪,1
食用苏打,1
黑豆蔻,1
鸡片,1
鸡杂,1
照烧酱,1
青柠汁,1
碎牛肉,1
马蹄末,1
海年糕,1
猪脆骨,1
妙脆角,1
仙草,1
米汤,1
美味鲜酱油,1
.盐,1
热辣椒油,1
高丽菜,1
土菜油,1
生杏仁,1
新鲜胡豆,1
红肠,1
即食猪肉,1
尖头辣椒,1
白面粉,1
软质水果,1
千层饼,1
白鲳,1
小麻椒,1
切片土司,1
鲜榨菜,1
扎儿根,1
牛肥肠,1
窝笋,1
仔排,1
姜水,1
大根,1
盐 糖,1
绿茶,1
李子脯切丁,1
杏脯,1
甜橙,1
芝麻辣,1
蒜蓉豆豉酱,1
蒸鱼酱油,1
花椒末,1
胡豆,1
折耳根,1
青虾,1
银鲳,1
肉蔻粉,1
朦子虾酱,1
蟹,1
小酒盅,1
香草精油,1
香葱番茄酱,1
腐膜,1
烤翅料,1
香梨,1
新鲜带鱼,1
百花牌枣花蜂蜜,1
砂糖橘,1
落花生,1
蒸鱼豆支油,1
春卷皮,1
青朝天椒,1
绿色蔬菜,1
鱼辣子茸,1
花椒大料,1
佛手瓜,1
即食鸡肉,1
香辣花生,1
白朗姆,1
食用盐,1
熟猪头肉,1
圆头椒,1
香草冰欺凌粉,1
乳脂奶油,1
嫩生菜叶,1
韩国黄豆酱,1
鸡脆骨,1
大蒜苗,1
泡发黑木耳,1
长青椒,1
长红椒,1
大黄鱼,1
芹菜末,1
甘蓝菜,1
紅油,1
坨粉,1
青蒜或蒜苔,1
意大利腊肠,1
糖水,1
梨末,1
马斯卡彭芝士,1
茼蒿菜,1
槚如果仁,1
鲜香菜,1
丘比特原味沙拉酱,1
大喜大牛肉粉,1
珍珠洋葱,1
馓子,1
迷迭香碎,1
玉米生粉,1
酸豆,1
牛奶什锦,1
芒果丁,1
鸭珍,1
嫩白菜心,1
哈蜜瓜,1
bbQ烤翅料,1
姜丁,1
黑绿橄榄,1
白虾,1
盐巴,1
sP（蛋糕油）,1
黄生,1
绿豆粉条,1
白莲蓉,1
意大利字母面,1
金菇,1
浓茶,1
沙茶醬,1
方腿,1
圆椒,1
黒翅鱼,1
方包,1
筒骨,1
八宝豆干,1
酸榨菜,1
鸭蛋黄,1
凉瓜,1
熟紫薯,1
杏仁渣,1
绿豆粉皮,1
豆豉汁,1
四季青白菜,1
四川陴县豆瓣,1
香甜泡打粉,1
牛绞肉,1
粗海盐,1
活蛇,1
茄酱,1
牛奶或奶油,1
葱 若干,1
葱若干,1
大甜椒,1
龙骨,1
发酵,1
新鲜黄鱼,1
玛琪林,1
蛋番,1
梭子鱼,1
小料,1
玉竹,1
青红辣,1
眼米,1
干葱蒜头,1
湘芹,1
老抽王,1
汪刺,1
干酪,1
东北野生小蘑菇,1
大蒜仔,1
蚵仔,1
粉碎菠萝,1
欧洲萝卜,1
香 油,1
精 盐,1
味 精,1
(或荞麦面、莜面、高粱面、小米面、黄豆面),1
鸡翼,1
红椒末,1
红景天,1
黏米,1
绿叶菜,1
青圆椒,1
细白糖,1
芥兰,1
芋头泥,1
牛肉眼,1
芥兰条,1
百灵菇,1
嘉豪鸡粉,1
油炸花生仁,1
去皮花生仁,1
胡萝卜丁儿,1
潮州包仔豆干,1
酸黄瓜,1
欧芹粉,1
肉眼牛排,1
意大利面酱,1
小杂鱼,1
熏腊鱼,1
藠头,1
熟咸鸭蛋,1
胖头鱼头,1
意大利肉酱,1
湖南特制剁椒,1
白萝卜片,1
压面,1
番茄黄豆,1
茄丝,1
水糖,1
酷克壹佰金牌BBQ烤肉料,1
柠檬粉,1
cooK100金牌BBQ烤翅料,1
青笋尖,1
湖头米粉,1
鲜姜,1
皖鱼头,1
腊猪腿肉,1
醋(米醋或果醋),1
印度脱白油,1
乳酪,1
越南米纸（春卷馅材料）,1
鱼露（蘸酱材料）,1
开水（蘸酱材料）,1
糖（蘸酱材料）,1
绞猪肉（春卷馅材料）,1
辣椒碎（蘸酱材料）,1
云南小瓜,1
海蜇,1
麻辣牛肉,1
土司面包,1
冬粉（春卷馅材料）,1
cremefraiche,1
majonnäs,1
动物鲜奶油,1
洋葱（春卷馅材料）,1
丘比特色拉酱,1
红毛丹,1
火腿块,1
月饼,1
特制调味酱油,1
虾仁（春卷馅材料）,1
木耳（春卷馅材料）,1
香菌,1
香葱沫,1
明太鱼子,1
虾头汤,1
大龙虾,1
黑椒鸡柳快炒酱,1
马氏卡彭奶酪,1
芹菜丁,1
苹果皮,1
紫薯片,1
香菇贡丸,1
自制披萨酱,1
红萝卜（春卷馅材料）,1
排骨汤,1
巧克力米,1
龙须面,1
白腐乳,1
肉圆子,1
香醋糖,1
米醋（蘸酱材料）,1
洋地瓜（春卷馅材料）,1
绿豆芽（春卷馅材料）,1
高筋面,1
日式咖喱,1
大蒜叶,1
四川豆瓣酱,1
油豆皮,1
冷奶油cubed,1
奶酪shreded,1
双鲍菇,1
金华冬瓜,1
姜碎,1
面糊,1
鹌鹑,1
红心地瓜,1
紫洋葱,1
红枣全麦饼干末,1
水果醋,1
白面包馅,1
蔓越梅,1
千张结,1
葱米,1
馒头丁,1
无水酥油,1
米仁,1
嫩离笋尖,1
橙汁饮料,1
金枪鱼,1
内酯,1
白燕,1
奶片,1
菜,1
排骨腌料,1
巧克力炼乳,1
盐水方腿,1
猪龙骨头,1
意式奶酪酱,1
黑胡椒研磨粒,1
准山药,1
竹帘,1
寿司大根,1
小圆肠,1
中等大小的鸡蛋,1
红富士苹果,1
鱼肉松,1
泡椒段,1
mascarponechee,1
彩椒片,1
蒜苗头,1
辣香肠,1
美国大杏仁,1
牛蒡干,1
白蟹味菇,1
chocolate sandw,1
干瑶柱,1
cheddarcheese,1
cheddar cheese,1
赖汤圆馅,1
面筋泡,1
白糖少许,1
红薯泥,1
干的Parsley碎屑,1
白酱汁,1
sourCream,1
绿豆渣,1
马蹄粒,1
狗油辣酱,1
牛肋条,1
味好美红咖喱,1
豆浆渣,1
观音香米,1
红枣杞子牛奶,1
chocolatesandw,1
cream Cheese,1
小芋子,1
香芋粉,1
红衣花生米,1
干虾米,1
美兰陈年咸芝士,1
洋葱酥,1
洋葱油,1
海天白醋,1
意大利贝壳面,1
熟蟹腿肉,1
奶油酱汁,1
意酱,1
小黄花鱼,1
洋芫荽,1
猪脚　,1
老姜　,1
黑米醋　,1
黄糖　,1
黑米醋,1
红柿椒,1
青线椒,1
生核桃仁,1
牛肉泥,1
黑蟹味菇,1
甜菜脯,1
紫葱头,1
水煮芦笋,1
油煎辣椒粉,1
甜料酒,1
十三香、,1
奥尔良烤翅腌料,1
从伴侣大酱,1
低油,1
小明虾,1
海鲜盐,1
通脊肉,1
烟熏火腿丝,1
淀粉芡汁,1
饺子馅,1
鸡蛋面,1
杂酱面调料拌,1
鸡尖翅,1
生拉面,1
甘草糖果,1
脾香豆瓣,1
覆盆子,1
上乘五花肉,1
海蛎子肉,1
海带豆腐,1
香芹菜籽末,1
野胡椒末,1
酸甜酱,1
思念飞饼,1
嫩猪肉,1
大猪肉块,1
台湾“真好家”蒸肉粉,1
猪肚菌,1
紫皮小葱头,1
腊肉骨头,1
土司面包片,1
苋菜汁,1
麻辣香锅底料,1
蛤蜊肉,1
creamCheese,1
切糕,1
墨鱼汤,1
牛筋,1
红鲤鱼,1
红线椒,1
艾草,1
mascarpone chee,1
阵年女儿红,1
山药片,1
鲜薄荷,1
老卤汤,1
七星椒,1
马友鱼,1
香沙,1
肉扣,1
葱花蒜蓉,1
白玉豆腐,1
小胡萝卜,1
雪糕,1
红边莴苣,1
炒熟的黑芝麻,1
嫩菠菜,1
灌肠,1
肥油,1
扁食皮,1
上海年糕,1
香辣蟹酱,1
面包丁,1
北海翅,1
小瓜,1
粗粒小麦粉,1
精牛肉,1
低精面粉,1
水饺,1
烤肉串用的小木条,1
塔科调味品,1
卤汤,1
鸡骨汤,1
羔羊肉,1
豆馅儿,1
戚风蛋糕卷,1
剩饭,1
杏干,1
玉米罐头,1
鳄梨,1
五香花生米,1
冷冻豌豆,1
白萝卜缨,1
鸭翅膀,1
细紫茄子,1
太太乐蘑菇精,1
嘉豪辣鲜露,1
白切肉,1
紫薯面,1
橘皮,1
xO牛肉调味料,1
鲜莲藕,1
大辣椒,1
低脂芝士片,1
龙虾片,1
新鲜柠檬汁,1
红辣油,1
姜末或片,1
干豆角,1
五花肉 (切成2cm见方的丁),1
泡好的干豆角：五花肉,1
五花肉(切成2cm见方的丁),1
葡萄醋,1
蘑菇丁,1
四川郫县豆瓣酱,1
方腿肉,1
白鲑鱼,1
三条,1
卤牛筋,1
角瓜,1
咯吱皮,1
蒜黄段,1
新鲜海蛎,1
泡发的蛤肉,1
意大利字母通心粉,1
芹菜杆,1
鱿鱼干,1
生栗子,1
炖肉调料,1
干洋香葱叶末,1
麻婆豆腐配料,1
锡纸,1
黄豆（隔夜泡）,1
豆腐片,1
白胡椒粉、,1
带皮三层肉,1
活性酵母,1
绿葱,1
十三香调味料,1
小鱼,1
蔓越莓蓝莓干,1
野生小黄鱼,1
鸡干,1
白味噌,1
鲷鱼,1
蛋面,1
蒜黄,1
小葱叶,1
红绿椒,1
葱、姜、盐,1
黄色葡萄干,1
南瓜籽,1
葡萄柚,1
豆腐乳汁,1
鲩鱼,1
黄番茄,1
美极鲜酱油,1
白豆,1
银鱼干,1
白葡萄酒醋,1
黄晶冰糖,1
tabasco塔巴斯科辣椒酱,1
方腿片,1
意大利辣香肠,1
辣子粉,1
红军菜,1
盒装橄榄菜,1
笋瓜,1
狗杞,1
肉桂粉（B材料）,1
刺山柑,1
红果,1
米浆,1
绿豆面粉,1
粉皮,1
新鲜花甲,1
地瓜粉皮,1
香米手抓,1
鱼皮,1
鲜活虾,1
玫瑰干花,1
干柠檬片,1
血豆腐,1
天然盐,1
鸡胸肉片,1
单晶冰糖,1
牛骨片,1
中虾,1
蟹柳,1
木姜菜,1
苦茭,1
红色圆椒,1
小豆,1
pizza酱,1
百利滋（C材料）,1
杏仁片（C材料）,1
番石榴,1
酵母（A材料）,1
香草冰激淋,1
乌梅酒,1
辣椒圈,1
马蹄莲,1
肥瘦肉,1
干葱,1
中型苹果（B材料）,1
精瘦火腿肉,1
无盐奶油（A材料）,1
奶粉（A材料）,1
丘比沙拉酱,1
盐（A材料）,1
糖（A材料）,1
鸡蛋（A材料）,1
水（A材料）,1
高筋面粉（A材料）,1
碎杏仁,1
江米面,1
豉油,1
精糖,1
冻虾仁,1
牛展,1
6寸蛋糕,1
蓝风车,1
新鲜牛至,1
水发虾米,1
里脊肉馅,1
小母鸡,1
郫县豆瓣油,1
柠檬汁（B材料）,1
福临门豆豉牛肉酱,1
猪油食用油混合,1
青桔,1
开心果,1
脆皮肠或火腿肠,1
吐司边,1
青豌豆粒,1
青蒜叶,1
法式酸奶油,1
酒渍提子干（B材料）,1
砂糖（B材料）,1
粉水,1
鲜鲍鱼,1
猪大骨汤,1
粘玉米面,1
橄榄菜,1
石斑鱼,1
鲜海带,1
五香豆皮,1
青红彩椒,1
意大利芝士,1
猪肉虾仁蘑菇胡萝卜馅,1
家乐浓汤宝,1
鲑鱼,1
花椰菜,1
马铃薯泥,1
龙井茶叶,1
黏米粉,1
干腐竹,1
马兰头,1
蒜香烤肠,1
沙拉油,1
雨露,1
干红辣椒段,1
新鲜鸡,1
泡开的豆笋,1
姜、蒜、葱,1
豆蓉,1
糕粉,1
阿胶枣,1
菊花肠,1
黄姜,1
鲜草菇,1
白果子鱼,1
冰牛奶,1
小麦面,1
高粱面,1
速溶吉士粉,1
奶油馅：雀巢淡奶油,1
蛋白糊：蛋白,1
蛋黄糊：蛋黃,1
调酱汁,1
开花牛筋丸,1
山芋粉,1
奶黄酱,1
青柠檬,1
鸡蛋皮,1
色来油,1
脆皮鸡尾肠,1
大孔奶酪,1
橙色园椒,1
蓝莓味炼奶,1
灵山海面干,1
糖蜜酒,1
雪花粉,1
盎司牛奶巧克力,1
黄牛臀部肉,1
硝水,1
桔皮,1
无糖可可粉,1
茅根,1
螺丝汤料,1
软化的黄油,1
烤面包苏打粉,1
蒜汁、,1
mascarpone,1
油辣子,1
烤面包粉,1
精细面粉,1
牛眼肉,1
新鲜白萝卜,1
奥利奥,1
鲜白蘑菇,1
葫芦瓜,1
浓汤宝鸡汤,1
荔浦芋,1
盎司巧克力糖霜,1
盎司麦丽素,1
雀巢薄荷巧克力冰淇凌,1
rum,1
韩国辣椒粉,1
大盐,1
油菜苔,1
甜杏,1
新鲜纯牛奶,1
碎肉粒,1
玉米笋,1
黑豆豆渣,1
香芋泥,1
冬笋香菇,1
全脂软干酪,1
白菜帮,1
新鲜板栗,1
水发粉丝,1
帘子,1
4盎司,1
罗秀米粉,1
夹心肉肉,1
椰肉罐头,1
荷包辣椒,1
有心冬阴功酱,1
李锦记酱油,1
土鲫鱼,1
葱、香菜,1
秘制蛋黄酱,1
纯巧克力,1
肉糜红,1
海苔末,1
黑加仑,1
圆切面,1
腌制过叉烧的酱汁,1
百页,1
蒸馏水,1
牛脊髓,1
麻椒碎,1
菠萝果酱,1
红萝卜片,1
模子,1
柠檬皮末,1
小米椒茸,1
花椒数,1
大料（八角）,1
山水豆腐,1
烩面片,1
柠檬水,1
全麦面,1
红辣椒粒,1
鹧鸪,1
冰冻海底椰,1
鸭肉,1
泡发虾米,1
橘味果冻粉,1
贝壳巧克力,1
酸奶盒,1
五花肋条肉,1
腐竹结,1
樱桃西红柿,1
海肠,1
贝丁,1
广式腊肉,1
磨碎的丁香,1
白条鸡,1
无盐牛油,1
香辣花生米,1
白馍,1
蒜块,1
豆瓣剁椒,1
蒜蓉辣椒酱,1
小山椒汁,1
其他调味料,1
京酱,1
加吉鱼,1
老卤水,1
肥肉丁,1
雪花梨,1
川贝,1
罗汉果,1
欣和酱油,1
蒜台,1
菱粉,1
山椒,1
普通绿萝卜,1
姜葱香菜,1
千层酥皮,1
沙斑鸡,1
腌黄瓜,1
鲜面,1
莴笋片,1
紫薯小块,1
姜蒜沫,1
普通食盐,1
料酒（混合）,1
新鲜小米辣,1
虾 米皮,1
食物油,1
水发黑,1
鸡爪子,1
子弹头椒辣椒,1
三耐,1
瓶装泡椒,1
老鸡,1
半熟鸡蛋,1
虾米皮,1
香煎土豆,1
鸡精粉,1
豆腐泡,1
榆钱,1
荆芥,1
天成一味酱油,1
干豆角丝,1
猪肉肉粒,1
蒸鱼豉酱油,1
火鸡,1
闷鸭料,1
芥蓝菜,1
思念牌飞饼,1
嘎巴虾,1
橙子味果珍,1
韩式煎饼粉,1
凤尾菇,1
苜蓿,1
跳跳鱼,1
泡发冬菇,1
香葱粒,1
玉米粒罐头,1
面豉酱,1
子弹头辣椒,1
猕猴桃干,1
云南小米辣,1
腔骨,1
蚕豆瓣,1
大菜椒,1
拉皮,1
冷冻鲷鱼肉,1
盐味精,1
带皮猪肉,1
松饼粉,1
玉米片,1
密豆,1
猪前肘,1
纯芝麻酱,1
红豆沙陷,1
木耳菜,1
节瓜干,1
龙井茶,1
西湖河虾,1
法国波尔多红酒,1
橙子汁,1
白糖水,1
小麻酱糖火烧,1
小麦面粉,1
鲜活大虾,1
肉鸡腿,1
黄颡鱼,1
姜 葱,1
豆豉香辣酱,1
葱花姜片,1
土鸭子,1
韭菜苔,1
姜、蒜、料酒,1
冷冻什锦蔬菜,1
奥尔良烤料干粉,1
霉干菜,1
大白云豆,1
小金瓜,1
卡夫沙拉酱,1
安佳芝士,1
咸土司,1
咖喱调料,1
进口白味增,1
海椒,1
臭豆腐干,1
莴苣片,1
樱桃干,1
黄粑,1
红豆沙馅,1
小尖椒,1
胗球,1
芫茜,1
大茄瓜,1
香肠肉糜,1
芹菜梗,1
树莓干,1
海蜇皮,1
绿青豆,1
湘式剁椒,1
荷包蛋,1
吐司面包,1
苹果片,1
越莓干,1
牛（眼肉）,1
黄米,1
蘸辣酱,1
热干面,1
腌香椿,1
奶酪刨丝,1
蒜泥汁,1
细辣椒面,1
李锦记叉烧酱,1
青韭菜,1
大青虾,1
嫩芹菜心,1
五花肉馅,1
枫叶酥油,1
食用泡打粉,1
巧可力豆,1
熟核桃仁,1
皂角米,1
鹅翼,1
紫薯粉,1
鸡肉肠,1
龙虾肉,1
风干肉,1
刺鱼,1
红酒曲,1
普通面粉（水油皮面团）,1
猪油（水油皮面团）,1
细砂糖（水油皮面团）,1
水（水油皮面团）,1
普通面粉（油酥面团）,1
平鱼,1
茴香头,1
猪油（油酥面团）,1
金针菇罐,1
小馄饨皮,1
香菇泡发,1
去核蜜枣,1
广东菜心,1
鸡泥肠,1
黄豆面,1
红椒圈,1
拿波里肉酱,1
籽鸡,1
泡籽姜,1
灯笼辣椒,1
白砂糖（鲜肉馅）,1
大骨头,1
塘,1
腌韭菜花,1
红豆腐乳汁,1
枸几,1
去皮花生米,1
甜红椒,1
雪利醋,1
白芝麻（鲜肉馅）,1
猪肉馅（鲜肉馅）,1
猪肋肉,1
鸡碎肉,1
朝鲜冷面,1
小干辣椒丝,1
三文魚肉,1
蔥粒,1
薑末,1
杂粮面,1
鲜蚵,1
洋地瓜,1
美兰陈年干酪碎,1
盐水鸡,1
回鱼,1
梨汁,1
猪化油,1
西洋鸭,1
带皮猪五花肉,1
绿豆雪糕,1
小布丁,1
肥嫩项鸡,1
沙纸,1
姜片和葱条,1
熏三文鱼鲑鱼,1
9寸比萨用高筋粉,1
汤王,1
干鸡蛋面,1
牛排骨和肉,1
桔梗,1
布朗酒,1
清酱,1
切好的葱,1
捣好的蒜,1
牛下水（心、肝、肺、肚）,1
牛头肉,1
大米锅巴,1
八角末和沙姜末,1
绿笋干,1
马铃薯色拉,1
三文治火腿,1
原味燕麦片,1
大豆腐,1
河源霸王花米粉,1
菜用穿心莲,1
内脂,1
酸乳酪沙拉酱,1
牛干巴,1
新奥尔良中辣口味腌料,1
黄鱼块,1
色拉,1
香芹末,1
皮楠,1
海天特级草菇老抽,1
粘米,1
绿竹笋,1
香甜味色拉酱,1
活龙虾,1
四川卤水,1
青黄椒,1
杏仁肉,1
牛骨头,1
若羌红枣,1
颗粒型花生酱,1
老北京干黄酱,1
黄皮洋葱,1
柴母鸡,1
麻辣花生,1
欣和葱伴侣豆瓣酱,1
小蒜苗,1
自来水,1
麦芽奶粉,1
香草冰激凌,1
生辣椒,1
小土鸡,1
带肉猪肋排,1
纯碱,1
海香螺,1
美味豆面酱,1
搭搭粉,1
新疆大甜杏仁,1
精河枸杞,1
葱油饼,1
自制奶油奶酪,1
糊椒,1
蛋黄（表面装饰）,1
太白粉水,1
生姜泥,1
味噌日式酱,1
香辣豆豉,1
田鸡腿,1
少许盐,1
曼越梅,1
肉桂棒,1
小鱿鱼,1
香莴笋,1
炸制用烹调油,1
永川豆豉,1
自制苹果酱,1
6寸派模,1
小野蒜,1
小红皮萝卜,1
鲜的红辣椒,1
吐司面包片,1
泡椒末,1
土鸡汤,1
紫薯丁,1
香草碎,1
蜜樱桃,1
蜜冬瓜条,1
无头虾,1
面疙瘩,1
果料,1
马铃薯淀粉,1
虾末碎,1
北极虾仁,1
干辣椒末,1
海椒面,1
芝士块,1
红葱头碎,1
惠州梅菜,1
猪前脚,1
香油（鲜肉馅）,1
酱油（鲜肉馅）,1
料酒（鲜肉馅）,1
盐（鲜肉馅）,1
姜末（鲜肉馅）,1
葱末（鲜肉馅）,1
鸡蛋（鲜肉馅）,1
胡椒粉（鲜肉馅）,1
芝麻（表面装饰）,1
小鸡腿,1
山楂条,1
首乌,1
京葱丝,1
乌鱼仔,1
猪肥膘,1
本鸡,1
猪前手,1
净鱼肉,1
熟甜玉米粒,1
苹果汁,1
干意面,1
鲜黑木耳,1
日本梅子,1
香草精华,1
蒲子,1
大胖萝卜,1
熟花生仁,1
海带头,1
桃脯粒,1
柳橙皮末,1
鲜牛蒡,1
大头虾,1
牛脚,1
泡发干香菇,1
蛤蟆鱼肉,1
青,1
黄油(面团),1
笋肉雪里蕻馅,1
cooK100新奥尔良烤翅料,1
老南瓜,1
通心菜,1
bbQ烧烤酱,1
党渗,1
沙渗,1
瓜皮,1
麻米,1
全蛋(面团),1
冰皮：紫薯,1
水磨糯米粉,1
干磨糯米粉,1
李锦记豆豉,1
生粉水,1
全麦吐司,1
酷客蛋糕粉,1
新鲜扫帚菜,1
虾尾,1
淡奶油(面团),1
盐(面团),1
迷你西红柿子,1
精炼油,1
腌料：盐,1
芡汁：生抽,1
炸浆：面粉,1
面粉　,1
寿司用紫,1
绿紫苏,1
七福神,1
卷帘,1
味琳,1
味极鲜生抽,1
糖(面团),1
软排,1
盐卤豆腐,1
青鲳鱼,1
干酵母(面团),1
鱿鱼脚,1
高粉(汤种),1
牛奶(汤种),1
高粉(面团),1
牛奶(面团),1
扫帚菜,1
戚风蛋糕底,1
吉士丁,1
川贝母,1
利鲜酵母,1
台湾米酒,1
黄心地瓜,1
酱豆豉,1
白菜丝,1
新鲜蕃茄,1
冰冻秋刀鱼,1
小笨鸡,1
料洒,1
双汇午餐火腿,1
酱酒,1
啫喱粉,1
鳙鱼头,1
面条菜,1
荤油,1
北极甜虾,1
莓果干,1
tcC椰浆/椰奶,1
鱼露/味露,1
绿辣椒,1
雪蛤膏,1
小米泡椒,1
高度酒,1
橙味菓珍,1
河鲫鱼,1
青红椒细丁,1
鲤鱼籽,1
风味豆豉,1
辣椒红油,1
芝麻叶,1
油酥花生,1
萝卜龙干,1
庵鹑蛋,1
芥末油,1
诸侯酱,1
红萝卜细丁,1
海天铁强化金标生抽王,1
果粒奶优,1
鱼胶片约,1
馅料：黑芝麻,1
各种果仁,1
熟米粉,1
青竹鱼,1
淡口酱油,1
嫩竹笋,1
牛肘肉,1
糟油,1
大黄米,1
玉米棒子,1
黄砂糖,1
熟土豆泥,1
上等五花肉,1
石磨豆腐,1
清水油面筋,1
有机猪后腿肉,1
石耳菇,1
净鸭,1
薏米仁,1
大葱丁,1
熟辣椒油,1
早餐红茶包,1
麻油（调料）,1
酱油（调料）,1
蒜茸（调料）,1
干豆丝,1
炊鹅酱,1
五彩番薯,1
松籽,1
兔肉,1
包菜心,1
安琪甜酒曲,1
牛胃,1
饼胚,1
大萝卜,1
水发金针菜,1
带子螺,1
白带鱼,1
鹅掌,1
鸭舌,1
香糟卤,1
巧克力冰淇淋,1
炸花生米,1
莲子　,1
焦糖布丁表层：白砂糖,1
马鲛鱼(鲅鱼),1
麻椒粉,1
枣,1
酸枣仁,1
干山楂,1
老抽、,1
大肠,1
葱须,1
白术,1
榴莲,1
无核红枣,1
糯米份,1
芹菜心,1
番茄切片,1
紫米,1
牛至叶,1
清水粽子,1
迷你小柿子,1
寒天粉末,1
去皮虾仁,1
全麦吐司片,1
猴头,1
益生菌,1
藕节,1
穿心莲,1
甘蓝叶,1
芝士条,1
鲜玉米棒,1
芝麻油、,1
玉米面及豆面,1
烧肉,1
小蘑菇,1
牛肉汤,1
小冬菇,1
橙肉橙皮,1
德芙巧克力,1
海天苹果醋,1
姜葱丝,1
意大利公鸡螺丝面,1
瘦火腿肉,1
南北杏,1
马斯卡彭,1
咖啡酒,1
金桔,1
浓汤煲,1
泡芹菜,1
美式腌粉,1
小玉米笋,1
油炸花生米,1
手工面,1
鸡腿骨,1
玉指笋,1
金像高粉,1
甜糯米酒,1
甜酒曲,1
帕酶森奶酪,1
海天特鲜酱,1
罐装黄桃,1
红曲,1
糖枣枸杞水,1
鸡翅膀,1
猪脑,1
天麻,1
全麦,1
韩式香油,1
味霖,1
波力海苔,1
肉枣,1
牛肉末,1
血皮菜,1
鸭心,1
龙口粉丝,1
干无花果,1
郫酱,1
墨西哥辣椒仔,1
无味植物油,1
少许,1
蛋夜,1
鸡精块状,1
二合油,1
时令蔬菜,1
环型蛋糕,1
虱目鱼,1
九肚鱼,1
桑椹,1
意大利螺丝面,1
意大利香料,1
香蕉芯,1
红豆粉,1
紫米粉,1
黄凉粉,1
黑胡椒料,1
莲鱼,1
干粽叶,1
去皮五花肉,1
水发笋干,1
饼干 (条形),1
淡奶油混合,1
饼干(四角形),1
蛋壳粉,1
味精或鸡精,1
小虾米,1
鱼松芋头饼,1
丘比酱,1
欧芹,1
泡酸菜,1
姜蒜葱,1
起司,1
生奶油,1
香菜段,1
老陈醋,1
鲜桃花,1
溶酵母粉,1
洋葱蒜蓉,1
黑胡椒面,1
巴蕉心,1
粗黄瓜,1
罐装黄桃的糖水,1
鲜薄荷叶,1
鲜红椒粒,1
碗豆,1
鲜肉,1
意大利通心粉,1
肋排骨,1
砂糖（粗）,1
榴莲壳芯,1
猪碎肉,1
牛角面包,1
柴鱼片,1
蛤蟆鱼干,1
水瓜,1
虾馅,1
熟豆渣,1
嫩豌豆角,1
熟腊肉,1
三色灯笼椒,1
新鲜水果,1
腌鱼用盐,1
时令水果,1
芋儿,1
带皮鸡腿肉,1
核桃仁碎,1
冰糖碎,1
姜葱蒜,1
豆油皮丝,1
枫树虫,1
新虾,1
泰式辣酱,1
新鲜黄瓜,1
三角豆干,1
小号土豆,1
冰糖或蜂蜜,1
魔芋丝,1
胡罗卜,1
园粉皮,1
葱姜蒜蓉,1
桂皮、,1
花椒、,1
奶茶粉,1
螺蛳,1
鹿尾菜,1
鹿尾菜菜,1
油炸豆腐皮,1
新鲜红椒,1
饼干(条形),1
海带汁,1
熟腰果,1
平蘑,1
豆腐果,1
五彩巧克力丸,1
鸦片鱼,1
抹茶,1
蓝酶,1
整鱼,1
速溶纯咖啡粉,1
黑麦吐司,1
牛奶（8寸戚风）,1
加高汤,1
罐头里的油,1
肥瘦猪肉馅,1
无核蜜枣,1
排骨汁,1
cooK100腌料,1
大眼鱼,1
面碱,1
鸡蛋（8寸戚风）,1
低粉（8寸戚风）,1
巧克力插件,1
色拉油（8寸戚风）,1
糖粉（8寸戚风）,1
香草油（8寸戚风）,1
果胶,1
金银珠,1
透明水晶果膏,1
饵块,1
蜜瓜水晶果膏,1
菠萝酱,1
盐少许,1
粉色鱼松,1
青海苔,1
荷兰芹,1
黄油(有盐·无盐都可以),1
李锦记老抽,1
小辣椒粉,1
灵芝,1
鲭鱼,1
千层酥皮面团,1
腿,1
红蘑菇,1
各种新鲜蘑菇,1
鼠尾草,1
鲜鱼子,1
水发刺参,1
牛至,1
细米粉,1
各种菜,1
黒胡椒面,1
低筋面,1
奥尔良烤肉腌料,1
美极鲜,1
鲜露,1
木耳丝,1
鱿鱼尾巴,1
肉丸子,1
韩式大酱,1
三叶,1
蒸肉米粉,1
小洋葱,1
麻花椒,1
蛤,1
蒜丝,1
江瑶柱,1
培根肉,1
新鲜茴香,1
梭子蟹,1
饸饼,1
牛奶草莓,1
笋丝,1
红绿提子,1
君度橙酒,1
起酥黄油,1
自制调味,1
油咖喱,1
花生粉末,1
茭白丝,1
白贝,1
细粉丝,1
腊鸭腿,1
蘑菇味意大利面酱,1
潮面,1
小草鱼,1
牛柳肉,1
小豆蔻粉,1
开心果仁,1
草莓汁,1
紫色小土豆,1
黑豆酱,1
冬笋片,1
姜黄粉盐,1
陈皮片,1
利马豆,1
熟粉条,1
新鲜土豆,1
吉利丁,1
大排,1
夷贝,1
海鲜鱼骨汤,1
红花碎,1
干香菜粉,1
袋装红茶粉,1
黄油（油水皮）,1
栗粉,1
清水（油水皮）,1
低粉（油酥皮紫薯皮）,1
低粉（油酥皮绿茶皮）,1
猪油（油酥皮绿茶皮）,1
猪油（油酥皮紫薯皮）,1
紫薯粉（油酥皮紫薯皮）,1
绿茶粉（油酥皮绿茶皮）,1
印度飞饼,1
干柠檬,1
安记椒盐粉,1
冰激凌,1
棉白糖,1
高低粉,1
罗氏虾,1
茭白片,1
帕酶森鲜奶酪,1
落地球生菜,1
毛毛生菜,1
红酒醋,1
烟熏三文鱼,1
法国专用面粉,1
蘑菇火腿,1
马苏里拉手撕奶酪,1
酵母3g,1
扁豆角,1
老母鸡浓汤宝,1
酸藠头,1
酸姜,1
鲣鱼粉,1
松花皮蛋,1
醋泡姜,1
鸡鲜粉,1
酵母 3g,1
烤肠,1
法国起司片,1
番茄酱 盐 黄油 黑胡椒粉,1
番茄酱盐黄油黑胡椒粉,1
花鲢鱼头,1
草鱼鱼头,1
新鲜朝天椒青红,1
湘西外婆菜,1
甜彩椒,1
明油,1
水果沙拉,1
黑玉米,1
黄玉米,1
生核桃,1
新鲜茶树菇,1
鳝鱼丝,1
烟熏火腿,1
荔浦芋头,1
薯条,1
cook100金牌BBQ烤肉料,1
朱师傅香滑布丁粉,1
干糍粑片,1
安琪无铝蓬松剂,1
炒米,1
黄椒,1
香干熏肉,1
蒸肉粉,1
现磨黑胡椒粉,1
红布林,1
猪肋条,1
莲雾,1
芸豆角,1
六寸蛋糕模具,1
蒜椒泥,1
猪油（油水皮）,1
糖（油水皮）,1
鸡边腿,1
金糕条,1
新鲜黄颡鱼,1
鸡盐精,1
生醋,1
咸豆,1
瓶装矿泉水,1
朝鲜酱,1
蒜茸辣椒酱,1
水晶粉,1
山竹,1
果脯粒,1
灯笼彩椒,1
千层饼丝,1
特浓酸奶,1
素蚝油,1
饮用水,1
冰淇淋粉,1
跳跳糖,1
果粒,1
麻辣粉,1
肉味香,1
干雪豆,1
海绵面包,1
高粉（油水皮）,1
烤茄泥,1
皇冠梨,1
海天金标米醋,1
嫩羊肉,1
土豆个,1
白醋、,1
白糖。,1
扇贝肉,1
海菜,1
白蛤,1
干红辣椒粉,1
馒头渣,1
鹰嘴豆,1
鸽蛋,1
盒装嫩豆腐,1
生米,1
糖酱,1
装饰小糖粒,1
肉清汤,1
包装蛋面,1
中等的嫩豆腐,1
德庄火锅底料,1
毛肚,1
红苕,1
山黄皮,1
奶粉(馅料),1
豆瓣老姜,1
排骨酱,1
芹菜碎,1
香菇碎,1
姜未,1
蒜未,1
甲鱼,1
鸡根,1
鲜椒,1
咸鸭蛋黄,1
长节莲藕,1
香肠仔,1
臭粉,1
球生菜,1
千页豆腐,1
沙爹酱,1
花椒柱候酱,1
新鲜大蒜,1
低粉（油水皮）,1
糖(馅料),1
牛油(馅料),1
咸蛋黄(馅料),1
红萝卜(皮料),1
干菜,1
蒸熟的南瓜,1
干紫菜,1
老虎虾,1
豆豉鲮鱼,1
小排,1
菜仔油,1
鸡蛋饼,1
红萝卜条,1
包饭酱,1
有机酱油,1
混合坚果油,1
山鸡蛋,1
粟粉(馅料),1
面粉(皮料),1
糖(皮料),1
泡打粉(皮料),1
酵母(皮料),1
水(皮料),1
肉臊,1
泰式甜辣酱,1
虾皮碎,1
三文鱼子,1
糖醋,1
茨实薏米,1
酱豆腐,1
袋装豆沙,1
熟菜油,1
香橙果膏,1
水晶果膏,1
罐头玉米粒,1
海带菜,1
黄芥末苗,1
红枣醋,1
蚝油、,1
豆腐包,1
牛梅子肉切丝,1
特级五花肉,1
猪肘肉,1
印度原味酥饼,1
香菜根,1
圆形小南瓜,1
新鲜油桃,1
法式芥末,1
精肉泥,1
梅菜,1
薄力粉,1
生板栗,1
红米苋,1
蒲公英叶子,1
南瓜子,1
蒲公英花,1
柠檬丝,1
卤肉汁,1
卤肉,1
蛋清M号,1
纯黄豆粉,1
蔓越梅干,1
改良剂 （可不放）,1
改良剂（可不放）,1
强力粉,1
栲姥姥,1
蛋黄M号,1
老干妈水豆豉,1
芝士末,1
杨梅果酱,1
bP培粉,1
三线肉,1
华飞炸酱,1
时鲜蔬菜,1
蒜（ail）,1
昂刺鱼,1
高筋面粉300克,1
黄红彩椒,1
澳大利亚费瑞达奶酪粉 20克,1
paprikadoux(moulu),1
扁圆萝卜（navet viol,1
胡萝卜(carotte),1
西葫芦(courge),1
洋葱(oignion),1
扁圆萝卜（navetviol,1
高筋面粉 300克,1
paprika doux(moulu),1
桂皮粉,1
cannelle,1
咸带鱼,1
澳大利亚费瑞达奶酪粉20克,1
虾肉泥,1
干沙虫,1
干沙姜,1
净鸡腿,1
橙粉,1
梅菜干,1
干红,1
普通米粉,1
刀切馒头,1
小鱼仔,1
美味鲜味汤,1
熟花生碎,1
蜗牛,1
羊腩,1
cheese,1
茴香粉、黄姜粉（turmeric powder)、玉米粉、椰奶、鸡汤、牛奶,1
茴香粉、黄姜粉（turmericpowder)、玉米粉、椰奶、鸡汤、牛奶,1
烧酒,1
黄姜醬,1
葱半把,1
莲蓉,1
纳兰若月腊排骨,1
干辣椒沫,1
韭菜根,1
沙白,1
日式风味烧肉汁,1
神奇牌海鲜调料,1
千层肚,1
紫苏叶,1
小葱末,1
饺子面,1
咸粽子,1
葫子,1
法式黑椒烧烤料,1
青鱼,1
雀巢炼奶,1
鸡腿汉堡肉,1
汉堡胚,1
朝天椒干,1
新土豆,1
辣螺,1
包针,1
老油,1
三文鱼肉,1
细砂糖50克（加蛋白）25克,1
纯酸奶,1
干生粉,1
大葱花,1
蜜,1
细砂糖 50克（加蛋白）25克,1
雪菜汁,1
兰花菇,1
上色酱油,1
青花椒粒,1
鲷鱼肉,1
大喜大烤肉酱,1
鲜辣粉,1
猪后鞧,1
海马,1
椰青,1
蕨根粉,1
豆腐鱼,1
薯片,1
冷冻鲜虾,1
乌醋,1
辣味牛肉酱,1
笋丁,1
丝状马苏里拉奶酪,1
烧饼,1
portabella Mush,1
樱桃小番茄,1
portabellaMush,1
普通粉,1
藤椒油,1
玉米菜,1
红椒青瓜,1
红绿豆混合豆沙,1
土豆泥,1
海天一品鲜酱油,1
果脯蜜饯,1
猪里脊丝,1
中等土豆,1
水发海参,1
葱蒜片,1
火腿肠片,1
生淮山,1
煮熟的鸡蛋,1
大腿,1
神奇牌肉类调味料,1
火锅年糕,1
速冻馄饨,1
卤猪耳,1
菜花油,1
西蓝花碎,1
泰国甜辣酱,1
苇叶,1
有机葵花籽油,1
牛肩肉,1
鲜菇,1
甜面酱or豆瓣酱,1
卤水,1
蒜醋汁,1
美汁源果粒橙,1
老面团,1
山西灌肠,1
大红萝卜,1
新疆大枣,1
沙茶粉,1
芝麻花生酱,1
巧克力戚风蛋糕,1
蛎蟥,1
黄片糖,1
芽白,1
树莓,1
清鸡汤,1
南瓜苗,1
黑芝麻碎,1
蜜汁叉烧酱,1
即溶咖啡粉,1
祖名豆腐,1
大葱、,1
油、,1
汉堡坯,1
蘸酱,1
鱼肝,1
李子,1
空心菜叶,1
脆笋,1
黄耆,1
粉砂糖,1
蔬菜粉,1
五色饭豆,1
小牛腱子,1
干调料,1
荸荠粉,1
红色尖椒,1
猪前腿肉,1
绿色尖椒,1
箩卜干,1
地木耳,1
大头鱼鱼头,1
白米饭,1
香橙,1
盐、香油,1
炒面线,1
干扁鱼,1
卤水豆腐,1
美极鲜调味汁,1
酒渍提子干,1
鲜榨柠檬汁,1
豆子,1
辣椒壳,1
鱼泉榨菜,1
白鲢鱼尾,1
干玫瑰花,1
海天蚝油,1
王致和料酒,1
丁螺,1
大蒜浓缩汁,1
鸭汤,1
葱香段,1
老玉米渣,1
小笋,1
香葱丝,1
美极鲜鲜味汁,1
玫瑰酱菜,1
米椒,1
嫩茄子,1
蜗牛肉,1
鲜茶树菇,1
熟冬笋,1
菜柳,1
青圆南瓜,1
黄彩椒丝,1
干黄酱,1
上等酱油,1
葱姜段,1
褐糖,1
大料、,1
白兰地或朗母酒,1
果仁,1
松子仁,1
红彩椒丝,1
夜香花,1
泡青辣椒,1
山羊精排,1
肉寇,1
老汤,1
新鲜豌豆,1
8寸摩卡咖啡7风蛋糕底,1
吉士丁片,1
成熟大芒果,1
动物淡奶油,1
剩馒头,1
全麦自发粉,1
红油豆瓣,1
莆瓜,1
花蛤螺肉,1
大白菜梗,1
阿香婆辣酱,1
荞麦,1
猪精瘦肉,1
豆豉茸,1
老抽酱油、,1
糖、盐,1
糖渍果干,1
果丹皮,1
樱桃萝卜,1
辣根,1
四川豆瓣,1
澄汁,1
柠檬酸或白醋,1
塔皮,1
冷汤,1
角奶酪,1
蓝莓冰激凌,1
巧克力冰激凌,1
神奇牌肉调味料,1
自制辣椒酱,1
虾夷扇贝,1
树椒油,1
枸杞仔,1
绿茶叶,1
八公山茶干,1
普洱茶,1
红干朝天椒,1
鸡菌,1
芡汁,1
香葱葱花,1
料油,1
田螺,1
鹰嘴豆（pois chiches）,1
胡萝卜花环包,1
煎猪扒,1
金丝螺,1
qQ糖,1
樱桃酒,1
花豆,1
老酒,1
盐巴味精,1
儿童酱油,1
豆角(haricot vert),1
古斯古斯（北非小米）,1
五香卤料包,1
半土鸡,1
鸭头,1
小鸡腿(cuissedepoulet),1
豆角(haricotvert),1
鹰嘴豆（poischiches）,1
小鸡腿(cuisse de poulet),1
焦糖,1
人造黄油,1
李锦记泰式甜辣酱,1
猪肉沫,1
枸纪,1
红烧酱,1
参须,1
燕皮,1
干红枣,1
香肠条,1
烤鸭,1
绞猪肉,1
倭瓜,1
小芋头,1
herbsandspice混合香料,1
猪肉(瘦),1
干花皮果,1
连皮五花肉,1
黑胡椒热狗,1
牛筋丸,1
猪红,1
茼蒿,1
生鱼,1
明太鱼,1
独籽大蒜,1
豆干条,1
葵花仔油,1
胖头鱼,1
玉米冷面,1
绿茶包,1
燕麦仁,1
小黄米,1
胚芽米,1
小冰糖,1
红油豆瓣酱,1
紫香菜,1
土黄鳝,1
瓶装水,1
黄色彩椒,1
红辣酱丝,1
鸡翅尖,1
鲜口蘑,1
神奇牌海鲜调味料,1
马莲,1
大头菜,1
椒酱,1
小鱼丸,1
巧克力饼干,1
植物性奶油,1
芝麻汤圆,1
刀切面,1
炸粉,1
冰虾,1
鱿鱼花,1
双色蟹菇,1
乌龙面,1
油渣,1
紫天椒,1
调味粉,1
脆皮香辣炸鸡配料,1
大虾仁,1
米鱼胶,1
九味汁,1
葱花碎,1
葡萄糖,1
porkButt肉,1
鲜奶油（內馅）,1
鲜芒果肉（內馅）,1
薯粉,1
虫草,1
红黑枣,1
面片,1
冰镇的牛肉汤,1
槟榔芋,1
牛腩肉,1
艾叶头,1
砂糖（班戟皮）,1
全脂纯牛奶,1
面包果,1
小鱼干,1
海葵,1
红萝卜丁,1
柠檬叶,1
冬阴功汤酱,1
pork Butt肉,1
紫色包菜,1
黄油（班戟皮）,1
蛋黄（班戟皮）,1
小茴香子,1
圆柱形挂面,1
胡椒 1,1
红辣椒干,1
桂花树叶,1
芝麻子,1
胡椒1,1
即溶酵母,1
奥尔良烤肉粉,1
南瓜汁,1
筊白筍,1
莲茸,1
牛奶（班戟皮）,1
薯茸,1
蘑菇粒,1
卷心生菜,1
鲍鱼海鲜汁,1
淡咸味软奶酪,1
葡萄白酒醋,1
大冲辣椒,1
金针菇粉,1
低粉（班戟皮）,1
铁皮罐装的蕃茄酱,1
光明低脂芝士片,1
咸肉条,1
杏仁露,1
材料2 糖,1
材料2 低粉,1
材料2 盐,1
材料2 塔塔粉,1
材料1嫩豆腐,1
材料1豆浆,1
材料1色拉油,1
材料1蛋白,1
低奶,1
蔬菜丁,1
光明低脂奶酪片,1
葱断,1
蒜瓣儿,1
五仁料,1
乳鸽,1
海天草菇老抽,1
草果桂皮八角,1
甜梅菜,1
家乡香料,1
老干妈辣椒酱,1
材料2 蛋白,1
材料1 泡打粉,1
材料1 蛋白,1
材料1 色拉油,1
精排,1
白菊花,1
鲜山楂,1
面包改良济,1
包菜叶,1
怀山药,1
冷面,1
五香牛皮干,1
虾米碎,1
材料2蛋白,1
康乃馨,1
胡萝卜咸菜,1
安康鱼,1
九制陈皮,1
红葱头末,1
新鲜疙瘩头,1
小塘菜,1
材料1 嫩豆腐,1
材料1 豆浆,1
胡卢巴子,1
疣果于,1
温水约,1
嫩玉米粒,1
粽子,1
酒渍提子,1
白菜茎,1
奥尔良烤翅的腌料,1
cooK100金牌BBQ烤翅腌,1
前肋排,1
干薄荷,1
黑芝麻馅,1
海茸,1
小泡椒,1
黄灯笼辣椒,1
茯苓,1
观音草,1
绿甘蓝菜,1
紫甘蓝菜,1
黄芥末,1
李棉记叉烧酱,1
生鸡架,1
猪肉排,1
香料包,1
大红椒,1
拌面,1
胡莱子,1
洋葱红酒,1
糖醋汁,1
大对虾,1
青萝卜,1
干豆腐皮,1
鸡尖,1
浓缩蜜柚茶,1
川芎,1
白芍,1
熟地,1
姜丝蒜,1
花椒碎,1
鲜玫瑰花,1
玫瑰酱,1
红豆腐乳,1
新鲜嫩豌豆,1
苏打饼干,1
片状奶酪,1
风味豆豉酱,1
原味姜汁,1
顶级美国西冷,1
地瓜枝,1
金针,1
翅尖,1
枫糖浆,1
东北大煎饼,1
干切面,1
脆皮豆腐,1
美玫低粉,1
大白梨,1
青蟹,1
鲜鸭,1
半肥猪肉末,1
增香增味剂,1
番茄意粉酱,1
冬阴功酱,1
复合磷酸盐,1
其它香辛料,1
天博鸡肉香精,1
鸡肉香精,1
大葱粉,1
木薯淀粉,1
肉质蓬松剂,1
飘香酱,1
西火腿,1
水煮鱼料理包,1
鲜嫩豆苗,1
美白菇,1
盐姜汁,1
自发面粉,1
麻署粉,1
泡米椒,1
猪舌头,1
桑椹膏,1
辣圆白菜,1
水空心菜,1
小黄蘑,1
财神蚝油,1
干面条,1
瘦猪肉末,1
甘露片,1
葡萄糖酸内酯,1
甘露粉,1
馒头改良剂,1
甘露米,1
甘露条,1
红泡椒,1
鸡脖子,1
咖哩,1
盐蛋,1
芝麻仁,1
鲜荔枝,1
绿茄子,1
脆排,1
自制肉丸,1
鸡皮,1
熟鹌鹑蛋,1
素鸡豆干,1
辣糟卤,1
豆结,1
立顿袋泡红茶,1
小朝天椒,1
木耳丁,1
松味菇,1
白扁豆,1
木棉花,1
土茯苓,1
尖辣椒,1
奥勒冈,1
月桂叶,1
茄子丁,1
五花肉丁,1
自制炼乳,1
四川红花椒,1
中鲅鱼,1
牛排,1
骨头高汤,1
鳝背,1
年糕条,1
凉粉粉,1
牛肉味的浓汤宝,1
巴旦木果仁,1
白凉粉,1
六月仙生抽,1
黑糊椒粉,1
蛳螺,1
红豆泥,1
洋葱个,1
皮豆腐,1
熏味儿肥肉丁,1
牛腱,1
莲蓬,1
灯心花,1
嫩牛肉,1
意大利调料,1
水油面团,1
红腐乳汁,1
猪后腿肉,1
芝麻。,1
塔巴斯科辣椒酱,1
饼丝,1
凉米饭,1
白芦笋,1
酸泡菜,1
葱姜蒜粉,1
大油,1
金牌BBQ烤肉料,1
肉条,1
木棉豆腐,1
月桂树叶,1
紫皮洋葱,1
精制油,1
蔬菜精,1
粟米罐头,1
当归片,1
大红菜椒,1
大青菜椒,1
白莲藕,1
桃子,1
桃仁,1
小海米,1
青甜椒,1
牛肉高汤,1
绍兴酒,1
叉烧,1
马苏芝士,1
葱姜碎,1
鲤鱼或草鱼,1
大葱丝,1
夏橙,1
盐和鸡精各,1
美极鲜鸡精粉,1
西胡芦,1
黑熟芝麻,1
自制酸奶,1
红色朝天椒,1
活的河鱼,1
条糕,1
芥蓝菜杆,1
饼模,1
村贡,1
玉竹片,1
北萁片,1
猪骨浓汤宝,1
河虾,1
三蔬丁,1
红花,1
鸭胸肉,1
凉粉面,1
红辣椒碎,1
鸭腿肉,1
仔姜,1
练奶,1
柠檬精,1
老母鸡,1
牛肉干,1
鸡精/味精,1
和面的水约,1
蒜头油,1
鸭爪,1
材料2盐,1
材料2塔塔粉,1
甜奶油,1
海鲜结,1
鱼段,1
炒红果,1
法兰克福熏火腿,1
头道鲜生抽,1
小鲳鱼,1
团子,1
材料2糖,1
无筋豆,1
自制番茄酱,1
黄豆。,1
米凉粉,1
法棍,1
秘制黄金酱,1
葵花籽油,1
蜜柚,1
材料1泡打粉,1
100克去核儿的黑橄榄,1
干桂花,1
材料2低粉,1
酒曲,1
洋酒,1
马土豆泥,1
海蛎子,1
实肉咸鱼,1
猪肩胛肉,1
炸鸡粉,1
梅子酒,1
各种果料,1
多头菜,1
鸭趐,1
老干妈风味豆豉,1
益母红糖,1
红萝卜丝,1
鸡蛋条,1
辣子,1
盐和鸡精,1
红椒块,1
梦咖喱酱,1
草莓香油,1
金鲳鱼,1
泡椒圈,1
伯爵茶汁,1
咖啡粉,1
金针姑,1
鲜花椒,1
自制酸菜,1
牛肉里脊,1
猪肉碎,1
干沙蛤肉。,1
泡发粉条,1
猪肉丸,1
蕃茄汁,1
香草番茄罐头,1
螺丝意粉,1
混合油,1
百果,1
桔子皮,1
盐番茄酱,1
香 菇,1
黄 瓜,1
虾 肉,1
普粉,1
榆园酸菜,1
伯爵红茶,1
奶酪碎末儿,1
去核儿的绿橄榄,1
豆米,1
面团,1
菜籽油,1
青红,1
干豆腐丝,1
鳝片,1
牛毛肚,1
料 酒,1
条形咸肉,1
葵花籽仁,1
肉松芝麻,1
豆腐丸子,1
猪大骨,1
小鲫鱼,1
鸡壳,1
偏口鱼,1
菌菇,1
蓬蒿菜,1
凤尾虾,1
鱼板,1
鲜羊排,1
干海米,1
安井鱼丸,1
肉排,1
水笋,1
刀豆,1
鸭脯肉,1
鲜莲子,1
湿面,1
棒子大骨汤,1
淹渍泡菜,1
黄色芥茉酱,1
牛肉卷,1
鱼竹轮,1
冰鲜黄鱼块,1
石耳,1
鲑鱼肉,1
萨拉米,1
羊排骨,1
芦荟,1
石膏,1
炸豆腐,1
车厘子,1
烫种,1
净鸡,1
萝勒叶,1
冷冻元宵,1
里脊肉片,1
拌面酱,1
大枣肉,1
猪肥瘦肉,1
鱼肚,1
瘦肉丁,1
猪腩五花肉,1
什锦蜜豆,1
瘦肉熏火腿,1
红辣粉,1
蘑菇丝,1
鳝丝,1
速溶咖啡粉,1
白糖 （放入蛋黄）,1
白糖 （放入蛋白）,1
白糖（放入蛋黄）,1
白糖（放入蛋白）,1
小花饼干,1
红糖粉,1
黄椒丝,1
摩卡咖啡豆,1
奶球,1
红烧五花肉,1
什锦海鲜小丸子,1
竹蔗,1
猪屁股肉,1
马苏奶酪碎,1
小白洋葱,1
烧烤粉,1
黑豆渣,1
慕斯预拌粉,1
辣粉,1
奇牌肉调料,1
白吐司片,1
老抽豉油,1
新鲜中排,1
干姜,1
红甜椒丝,1
西芹丝,1
自制番茄酱汁,1
黑胡椒碎和熟芝麻,1
椰蓉酱,1
盐鸡精,1
毛豆米,1
干豌豆,1
韭菜葶,1
生浆,1
蝴蝶形意面,1
泰式汤料,1
红色素,1
莳萝,1
萝勒,1
苦莒菜,1
红苋菜,1
酱牛肉丁,1
牛肉汆儿,1
厚吐司片,1
糖粉55克加蛋白35克加蛋黄酸奶,1
红茶叶,1
玫瑰腐乳汁,1
大葱片,1
野玫瑰花,1
袋装雪菜,1
黄鳝,1
自制蜜豆,1
黑鱼肉,1
什锦椰果,1
水煮白肉,1
自制蒸肉粉,1
太阳鱼,1
黄菜椒,1
海天烧烤汁,1
桔子汁,1
雀巢果维珍,1
蜜橘,1
阉土鸡,1
青辣椒丝,1
红暑淀粉,1
新鲜芒果,1
虾球,1
嫩南瓜,1
红菜椒,1
巧克力棒,1
鱼籽,1
咸吐司,1
鹅蛋,1
黑提,1
橙皮粒,1
江米粉,1
果脯,1
香甜吉士粉,1
陈皮碎粒,1
新鲜淮山,1
硼砂,1
小麦,1
紫包心菜,1
大头葱,1
女士奶粉,1
白水蛋,1
洋葱米,1
青红椒米,1
康大调理兔腿,1
墨鱼仔,1
嫩莴苣,1
魔芋结,1
海带结,1
棒棒肠,1
冬虫草,1
西柚瓤,1
马布鱼干,1
蛋黄用砂糖,1
蛋白用砂糖,1
果干,1
猪前蹄,1
红椒粒,1
杂色蜜豆,1
鸽子,1
起司丝,1
包心鱼丸,1
盐、味精,1
新鲜腐竹,1
蒜容,1
纯肉火腿片,1
小葱段,1
起司片,1
全脂甜奶粉,1
八寸戚风,1
腌罗卜,1
海黑鱼,1
熏腊肉切,1
黑酱萝卜,1
五柳料,1
贡丸,1
猪头,1
脆皮黄瓜,1
茄汁,1
鸡翅酱汁,1
荞麦冷面,1
猪肩肉,1
干萝勒,1
干九里香,1
干牛至,1
干鼠尾草,1
柠檬盐,1
墨西哥甜椒,1
苏梅酱,1
干杏仁,1
酱干,1
桂皮八角,1
炖肉料,1
红砂糖,1
牛柳片儿,1
鸡蛋 （分出蛋白蛋黄备用）,1
饴糖,1
狗肉,1
鸭掌,1
麻辣烫油,1
猪肉丸子,1
粗细辣椒粉,1
干面,1
圆生菜,1
小雪菜,1
炒黄豆,1
肥鸭,1
狗肉汤,1
红蒸菜粉,1
苏子叶,1
苏子,1
花甲,1
冬笋丝,1
小干鱼,1
面浆,1
海天椒,1
意大利贝壳粉,1
鲜番茄,1
化猪油,1
野生菱角米,1
披萨草,1
薯粉条,1
水煮玉米粒,1
全能面粉,1
调的糊,1
元宵粉,1
油豆腐干,1
川味油辣子,1
新鲜小土豆,1
腌菜,1
家养鸭蛋,1
酱肉丝,1
中性慕斯粉,1
新鲜香菜,1
麻辣酱,1
冰淇淋可可粉,1
干燥玫瑰花,1
绿椒丝,1
熟透香蕉,1
水泡酵母,1
肉皮,1
筒子骨,1
贝肉,1
青虾肉,1
低筋全麦面粉,1
珍粉,1
甜酸汁,1
鸡翅连根,1
九制话梅,1
牛胸肉,1
魔芋块,1
银鳕鱼,1
自会卤,1
葵花籽,1
橙C果,1
酸白菜,1
水果糖,1
嫩母鸡,1
云米纸,1
植物酱,1
甜,1
绿豆沙,1
葱珠,1
鮰鱼,1
白菜干,1
花鲢鱼,1
生油生油,1
毛嘴卤鸡,1
番茄沙司酱,1
小青瓜,1
面乳,1
冰糖粉,1
蒜茸末,1
南韩辣白菜,1
方便面盐包,1
鸭肫,1
鸭肝,1
脱皮绿豆,1
脆皮熏肠（或热狗肠均可）,1
黄芥末酱,1
咸味儿软奶酪都可,1
瑶柱鲍鱼汁,1
洗净去核山楂,1
粗砂糖,1
无骨牙掌,1
二锅头,1
莴笋丝,1
圆白菜丝,1
无皮五花肉,1
四川风味豆豉辣酱,1
油葱,1
蛋清液,1
小柴鸡蛋,1
香椿末,1
菜椒丝,1
洋葱片,1
速溶藕粉,1
手粉,1
炸排骨用花生油,1
冬菇粒,1
土鸭蛋,1
炸制用花生油,1
pasta,1
coleslaw,1
大白菜丝,1
干九层塔未,1
新西兰小牛肉,1
香甜黄芥末,1
花甲螺,1
鸡肝,1
q趣蘑菇香肠,1
底筋面粉,1
香草油,1
色素,1
海天味极鲜生抽,1
花椒辣椒油,1
干的九层塔碎,1
面粉面包糠,1
茨实,1
眉豆,1
香肠肉,1
红头葱,1
蝴蝶意粉,1
白萝卜丝,1
红黄椒,1
薄荷,1
迭迷香,1
彩椒条,1
挪威三文鱼,1
新鲜番茄,1
法国甜酸芥末酱,1
海鲈片,1
明太子,1
鸡肉粒,1
炷侯酱,1
净鸭胸肉,1
嫩莴笋,1
地瓜淀粉,1
鸡蛋（分出蛋白蛋黄备用）,1
白蒸菜粉,1
酵母（主料）,1
苏打水,1
香橙果酱,1
奶粉（菠萝皮）,1
豆奶粉（主料）,1
汤种（主料）,1
黄油（主料）,1
糖（主料）,1
鸡蛋（主料）,1
水（主料）,1
糯米粉（菠萝皮）,1
普通面粉（主料）,1
糖（菠萝皮）,1
鸡蛋液（菠萝皮）,1
果仁碎,1
黄油（菠萝皮）,1
猪油（菠萝皮）,1
巧克力碎（菠萝皮）,1
面粉（汤种）,1
水（汤种）,1
支竹,1
黄骨鱼,1
干小米椒,1
螺,1
白巧,1
油焖大虾卤料,1
辣蒜,1
荞麦粉,1
活泥鳅,1
葵花子仁（留20g装饰表面）,1
鸡蛋 （留两小勺蛋清表面用）,1
鸡蛋（留两小勺蛋清表面用）,1
奥利奥饼干,1
沙虾,1
鲢鱼头,1
锡兰红茶粉,1
龟苓膏,1
黄金奇异果,1
龙眼,1
半边鸡,1
玫瑰花瓣,1
伴碟,1
高粉250g,1
植物鲜奶油,1
五彩豆,1
